{
  "generationTime": 20.790384375,
  "processingSpeed": 7.214873823130074,
  "totalFrames": 150,
  "capturedFrames": 150,
  "skippedFrames": 0,
  "duration": 5,
  "fps": 30,
  "width": 1920,
  "height": 1080,
  "fileSize": 2.5423755645751953,
  "fileSizeBytes": 2665874,
  "codec": "vp9",
  "quality": 24,
  "outputFile": "bounce-demo.webm",
  "timestamp": "2025-07-14T19:01:53.247Z"
}