{
  "generationTime": 21.933772249999997,
  "processingSpeed": 6.83876892174806,
  "totalFrames": 150,
  "capturedFrames": 150,
  "skippedFrames": 0,
  "duration": 5,
  "recordingControlEnabled": false,
  "fps": 30,
  "width": 1920,
  "height": 1080,
  "fileSize": 4.985814094543457,
  "fileSizeBytes": 5228005,
  "codec": "vp9",
  "quality": 23,
  "outputFile": "outputs/05-sec-001.webm",
  "timestamp": "2025-07-15T03:31:31.387Z"
}