{
  "generationTime": 506.599550625,
  "processingSpeed": 7.106204487466722,
  "totalFrames": 3600,
  "capturedFrames": 3600,
  "skippedFrames": 0,
  "duration": 120,
  "recordingControlEnabled": false,
  "fps": 30,
  "width": 1920,
  "height": 1080,
  "fileSize": 115.57730960845947,
  "fileSizeBytes": 121191593,
  "codec": "vp9",
  "quality": 23,
  "outputFile": "outputs/120-sec-001.webm",
  "timestamp": "2025-07-15T03:24:47.754Z"
}