{
  "generationTime": 252.711805625,
  "processingSpeed": 7.122738075288128,
  "totalFrames": 1800,
  "capturedFrames": 1800,
  "skippedFrames": 0,
  "duration": 60,
  "recordingControlEnabled": false,
  "fps": 30,
  "width": 1920,
  "height": 1080,
  "fileSize": 57.80432319641113,
  "fileSizeBytes": 60612226,
  "codec": "vp9",
  "quality": 23,
  "outputFile": "outputs/60-sec-001.webm",
  "timestamp": "2025-07-15T03:15:34.456Z"
}