{
  "generationTime": 49.602092834000004,
  "processingSpeed": 6.048131900482302,
  "generationTimeRatio": 4.9602092834,
  "totalFrames": 300,
  "capturedFrames": 300,
  "skippedFrames": 0,
  "duration": 10,
  "recordingControlEnabled": false,
  "fps": 30,
  "width": 1920,
  "height": 1080,
  "fileSize": 9.46780014038086,
  "fileSizeBytes": 9927708,
  "codec": "vp9",
  "quality": 23,
  "outputFile": "outputs/highenergy-001.webm",
  "timestamp": "2025-07-15T18:00:22.536Z"
}