{
  "generationTime": 48.015323124999995,
  "processingSpeed": 6.248005438159801,
  "generationTimeRatio": 4.801532312499999,
  "totalFrames": 300,
  "capturedFrames": 300,
  "skippedFrames": 0,
  "duration": 10,
  "recordingControlEnabled": false,
  "fps": 30,
  "width": 1920,
  "height": 1080,
  "fileSize": 2.2626304626464844,
  "fileSizeBytes": 2372540,
  "codec": "vp9",
  "quality": 23,
  "outputFile": "outputs/simple-virtual-test.webm",
  "timestamp": "2025-07-15T18:24:14.335Z"
}