{
  "generationTime": 14.117536957999999,
  "processingSpeed": 6.375049717790865,
  "generationTimeRatio": 4.7058456526666665,
  "totalFrames": 90,
  "capturedFrames": 90,
  "skippedFrames": 0,
  "duration": 3,
  "recordingControlEnabled": true,
  "fps": 30,
  "width": 1920,
  "height": 1080,
  "fileSize": 0.6388216018676758,
  "fileSizeBytes": 669853,
  "codec": "vp9",
  "quality": 23,
  "outputFile": "outputs/text-animation-virtual-002.webm",
  "timestamp": "2025-07-15T18:20:44.562Z"
}