{
  "generationTime": 195.817575041,
  "processingSpeed": 9.192229040846403,
  "totalFrames": 1800,
  "capturedFrames": 1800,
  "skippedFrames": 0,
  "duration": 60,
  "recordingControlEnabled": true,
  "fps": 30,
  "width": 1920,
  "height": 1080,
  "fileSize": 1.5340099334716797,
  "fileSizeBytes": 1608526,
  "codec": "vp9",
  "quality": 23,
  "outputFile": "outputs/text-animation.webm",
  "timestamp": "2025-07-15T16:27:22.128Z"
}